url,title,description,thumbnail,tags,variants 
https://www.instructables.com/Bird-Finger-Puppet/,Bird Finger Puppet : 3 Steps (with Pictures) - Instructables,Bird Finger Puppet: Make your own bird finger puppet (or make more and have your own flock). You can choose to copy a bird you might see outside in your area or make up one of your own.,https://content.instructables.com/FFY/HXD5/KN6N5FGS/FFYHXD5KN6N5FGS.jpg?auto=webp&frame=1&width=2100,art; fine motor,
https://www.instructables.com/Artists-Popsicle-Stick-Puzzle/,Artist's Popsicle Stick Puzzle : 5 Steps (with Pictures) - Instructables,"Artist's Popsicle Stick Puzzle: Popsicle stick puzzles need an update! 
We can paint ANYTHING on a stack of popsicles! 
The supplies are easy to find and very inexpensive I've also included PDF patterns for the designs I painted
It would make an amazing gift to put several hand paâ€¦",https://content.instructables.com/FNX/I7H6/KDPYJ6OZ/FNXI7H6KDPYJ6OZ.jpg?auto=webp&frame=1&width=2100,art; puzzle,
https://www.instructables.com/Simple-DIY-Sparkling-Wooden-Dice/,Simple DIY Sparkling Wooden Dice : 3 Steps (with Pictures) - Instructables,Simple DIY Sparkling Wooden Dice,https://content.instructables.com/FEE/5LBL/KCBY4E3O/FEE5LBLKCBY4E3O.png?auto=webp&frame=1,maths,
https://www.instructables.com/Montessori-Movable-Alphabet-WITHOUT-a-Printer-Lami/,Montessori Movable Alphabet WITHOUT a Printer & Laminator : 9 Steps (with Pictures) - Instructables,Montessori Movable Alphabet WITHOUT a Printer & Laminator: If you have a child or a student who needs to learn letters; movable alphabet is perfect for hands on learning - children literally take learning in their own hands! Movable alphabet is one of the most popular language materials in Montessori educatâ€¦,https://content.instructables.com/F2F/U51J/KBW89CBQ/F2FU51JKBW89CBQ.png?auto=webp&frame=1,writing,
https://www.instructables.com/Hand-Paper-Puppet/,Hand Paper Puppet : 5 Steps (with Pictures) - Instructables,"Hand Paper Puppet: Fast forward to 3:27 in the video for the instructions
Puppetry is a form of theatre which shares the process of animating inanimate objects to tell a story. The art form was first recorded in the 5th century BC in Ancient Greece and is still populaâ€¦",https://content.instructables.com/F2I/58MM/KJLFL76G/F2I58MMKJLFL76G.jpg?auto=webp&frame=1,art; fine motor,
https://www.instructables.com/Homemade-Parachute-1/,Homemade Parachute : 12 Steps (with Pictures) - Instructables,"Homemade Parachute: The parachute glides slowly down thanks to something known as air resistance (or drag). When air gets under it; the plastic parachute fans out for maximum coverage; this air resistance slows the fall of the object tremendously. The ""umbrella"" part oâ€¦",https://content.instructables.com/F2S/X0QX/KAFCYZGI/F2SX0QXKAFCYZGI.jpg?auto=webp&frame=1,,this seems like too much effort; i want to see if it will work with a carrier bag
https://www.instructables.com/Engineering-a-Hoop-Glider/,Engineering a Hoop Glider : 13 Steps (with Pictures) - Instructables,"Engineering a Hoop Glider: Would you like to make your own flying toy; but youâ€™re tired of paper airplanes?  Try making a hoop glider; instead! 
Hoop Gliders move through the air using the same forces that larger airplanes use when they fly.  Those forces are thrust; drag; liâ€¦",https://content.instructables.com/FM6/D2EL/KAB2N8YK/FM6D2ELKAB2N8YK.jpg?auto=webp&frame=1,,decorate hoops; try with toilet roll tubes; get kids to bring them in
https://www.instructables.com/Toddler-Sensory-Water-Bags/,Toddler Sensory Water Bags : 6 Steps (with Pictures) - Instructables,Toddler Sensory Water Bags: This is a super simple way to create a temporary sensory activity for toddlers. I find this is best used during the months when a child is starting to pull themselves up to stand until they start to walk. Past that (my daughter is currently 15 monthâ€¦,https://content.instructables.com/F22/WJS1/K9UD1O8W/F22WJS1K9UD1O8W.jpg?auto=webp&frame=1,sensory,
https://www.instructables.com/Static-Electricity-or-Superhero-Mind-Control/,Static Electricity or Superhero Mind Control : 5 Steps (with Pictures) - Instructables,attract drink can using balloon,https://content.instructables.com/FMT/6JJS/K9R60MGC/FMT6JJSK9R60MGC.jpg?auto=webp&frame=1,,
https://www.instructables.com/Camouflage-Critters/,Camouflage Critters  : 4 Steps (with Pictures) - Instructables,"Camouflage Critters : The Science of Camouflage
Have you ever wanted to make yourself disappear while playing a game of hide and seek? Some animals do this every day! Camouflage is a defense technique used by animals to avoid being seen or help them blend in with their eâ€¦",https://content.instructables.com/FXO/OVI7/K9R60HJG/FXOOVI7K9R60HJG.png?auto=webp&frame=1,art,
https://www.instructables.com/Alphabet-Dice/,Alphabet Dice : 5 Steps (with Pictures) - Instructables,Alphabet Dice: My daughter was playing with my husbands DnD dice and I thought it would be fun to make a set for her to play with! I thought she would have more interest in a set of dice with letters and pictures on them rather than normal dots; so this will show â€¦,https://content.instructables.com/F8L/AX44/K9N91XV3/F8LAX44K9N91XV3.jpg?auto=webp&frame=1&width=2100,writing,
https://www.instructables.com/FLOWER-MONO-PRINTS/,FLOWER MONO PRINTS : 5 Steps (with Pictures) - Instructables,FLOWER MONO PRINTS: This is a fun and easy printmaking project that can be completed with limited supplies and no printing press!,https://content.instructables.com/FFJ/EGX0/K9G9N54S/FFJEGX0K9G9N54S.jpg?auto=webp&frame=1,art,use for painting butterflies or anything symmetrical 
https://www.instructables.com/Large-Toy-Beads/,Large Toy Beads : 10 Steps (with Pictures) - Instructables,Large Toy Beads: My daughter got lacing beads as a gift that consisted of square and various round beads she could lace onto a string for fun and hand-eye coordination practice. I thought it would be fun to supplement her set with some other shapes and letters. For â€¦,https://content.instructables.com/FZZ/KVUU/K9D1QBMW/FZZKVUUK9D1QBMW.jpg?auto=webp&frame=1&width=2100,writing,string together words
https://www.instructables.com/Making-Natural-Inks/,Making Natural Inks : 4 Steps (with Pictures) - Instructables,"Making Natural Inks: A little bit about light and pigments:
A pigment is what gives a color its color. It is a material that changes the color of reflected or transmitted light of an object.  Light appears white; but it is made up of all the colors added together. We seâ€¦",https://content.instructables.com/FJ9/QLL7/K9706SA0/FJ9QLL7K9706SA0.jpg?auto=webp&frame=1&width=2100,art,
https://www.instructables.com/Kazoo-MakerEd-at-Home/,Kazoo : 6 Steps (with Pictures) - Instructables,Kazoo: A kazoo is a member of the membranophone family of instruments. A membranophone uses a membrane or resonator to produce sound. When you hum; talk or sing into a kazoo the air produced by your voice vibrates the membrane or resonator creating its uniâ€¦,https://content.instructables.com/FW9/NM0F/KJLFL3K8/FW9NM0FKJLFL3K8.jpg?auto=webp&frame=1,music,
https://www.instructables.com/Moon-Sand/,Moon Sand : 4 Steps (with Pictures) - Instructables,Moon Sand: When you look up at the night sky; have you ever noticed that the moon is completely riddled with all kinds of holes and lines that make it look like a big chunk of Swiss cheese? Those holes are actually called craters and are there because massive â€¦,https://content.instructables.com/FMK/GMJA/K8HKD3XJ/FMKGMJAK8HKD3XJ.jpg?auto=webp&frame=1&width=2100,sensory,
https://www.instructables.com/Cereal-Box-Guitar/,Cereal-Box Guitar : 9 Steps (with Pictures) - Instructables,Cereal-Box Guitar: Working in childcare has motivated us to open our imaginations to see objects in a new way. Instead of spending money on crafts; we look for a way to give objects that normally would've been thrown in the trash a new life which is why we thought thiâ€¦,https://content.instructables.com/FDW/DKC5/K8CDGK0I/FDWDKC5K8CDGK0I.png?auto=webp&frame=1,music,
https://www.instructables.com/Stabile-Paper-Sculpture/,Stabile Paper Sculpture : 5 Steps (with Pictures) - Instructables,Stabile Paper Sculpture: Inspired by artist Alexander Calder; these easy-to-make sculptural pieces provide endless play and creativity for the young art-chitects.,https://content.instructables.com/FZ7/MDM8/K84NL5CC/FZ7MDM8K84NL5CC.jpg?auto=webp&frame=1,building,
https://www.instructables.com/Excavation-Kit-educational-DIY-for-Kids/,Excavation Kit (educational; DIY; for Kids) : 5 Steps (with Pictures) - Instructables,Excavation Kit (educational; DIY; for Kids): A really easy and cheap recipe for young paleontologists: an excavation kit full of surprises. Just take a A4 sized box; plaster of paris; sand; water; some toys to plough under. You'll give the kids hours of fun and learning with only 30 min of preâ€¦,https://content.instructables.com/FY3/ZZ34/K2HKA8Z2/FY3ZZ34K2HKA8Z2.jpg?auto=webp&frame=1&width=2100,science;exploration,
https://www.instructables.com/Free-Halloween-Mummybot-Papercraft/,Free Halloween Mummybot Papercraft : 11 Steps (with Pictures) - Instructables,"Free Halloween Mummybot Papercraft: Say hello to our Halloween papercraft for 2019: the Mummybot!â€¢ ENTER THE INSTRUCTABLES #MUMMYBOT I MADE IT CHALLENGE â€¢
When you post a photo of your Mummybot papercraft (here on this Instructable as an ""I Made It""; or on Twitter; or Instagram); weâ€™lâ€¦",https://content.instructables.com/FWR/93YF/K2262926/FWR93YFK2262926.jpg?auto=webp&frame=1,Halloween ,
https://www.instructables.com/Stop-Motion-Animation-for-Kids/,Stop Motion Animation for Kids : 6 Steps (with Pictures) - Instructables,Stop Motion Animation for Kids: Overview: At Boston Children's Museum; stop motion movie-making provides children with a great blend of storytelling and technology use. Stop motion is a filming technique where pictures are taken as objects are moved in small increments. When the pâ€¦,https://content.instructables.com/FT8/IPZ1/K06ZA1T7/FT8IPZ1K06ZA1T7.jpg?auto=webp&frame=1&width=2100,art,could do a seperate project where you find public domain animation cels (https://americanhistory.si.edu/collections/search?edan_q=animation%20cels https://galleryanimation.com/search?options%5Bprefix%5D=last&page=1&q=cel) and backgrounds and use them to make either flipbooks; animations; or comics. or you could just move them around like those reusable stickerbooks (if this method is expensive just do it with printouts; possibly laminated and if you want it to actually stick try impregnating it in a thin layer of hot glue dried on a silicone sheet)
https://www.instructables.com/Bubble-Wand-Building-an-Easy-Makerspace-Activity-f/,Bubble Wand Building: an Easy Makerspace Activity for a Summer STEAM Camp : 3 Steps (with Pictures) - Instructables,"Bubble Wand Building: an Easy Makerspace Activity for a Summer STEAM Camp: How many different ways can I make a bubble?
This is a mini makerspace-esque activity that can easily be done with little money and low prep. It's appropriate for a range of ages; and even adults can find this enjoyable. Even though this is perfect â€¦",https://content.instructables.com/FPX/R8FE/JZ2YZWUW/FPXR8FEJZ2YZWUW.gif?auto=webp&frame=1,,
https://www.instructables.com/Handmade-Stamps-Making-and-Literacy-With-Eric-Carl/,Handmade Stamps- Making and Literacy With Eric Carle's Mixed-Up Chameleon (with Pictures) - Instructables,Handmade Stamps- Making and Literacy With Eric Carle's Mixed-Up Chameleon: As an elementary librarian; Iâ€™m always looking for ways that books can inspire making. I love the artwork of Eric Carle and I thought it would be really fun to have students invent their own animal based on the book; The Mixed-Up Chameleon. My initiâ€¦,https://content.instructables.com/FLC/NFTJ/JYOOP871/FLCNFTJJYOOP871.jpg?auto=webp&frame=1,art,
https://www.instructables.com/Easy-3-D-Silk-Screen-Painting-Technique-for-All-Ag/,Easy 3-D Silk-Screen Painting Technique for All Ages : 10 Steps (with Pictures) - Instructables,Easy 3-D Silk-Screen Painting Technique for All Ages: When my son was in pre-school; I wanted to create artwork projects that would last the test of time and teach my son something in the process that was fun to make. At an art supply store; I found letters cut-out of wood; cardboard and cork. I used tâ€¦,https://content.instructables.com/F1B/N30B/JYOOKPRG/F1BN30BJYOOKPRG.jpg?auto=webp&frame=1&width=2100,art,
https://www.instructables.com/Germ-Fighting-for-Kids/,Germ Fighting for Kids : 6 Steps (with Pictures) - Instructables,Germ Fighting for Kids: One of the first life lessons a child learns is that 'coughs and sneezes spread diseases'. Most kids know that 'germs are bad' and that washing hands is important; but I wanted to teach the real science of our immune system. I felt that by equippingâ€¦,https://content.instructables.com/FP8/4AVY/JYEOIYT7/FP84AVYJYEOIYT7.png?auto=webp&frame=1,hygiene ,
https://www.instructables.com/Duck-Boat-Challenge/,Duck Boat Challenge : 6 Steps (with Pictures) - Instructables,"Duck Boat Challenge: My school started a STEAM Integration Committee a couple years ago with the purpose of improving STEM education on campus and making STEM a regular part of the education process across content areas. 
One thing the team has been able to get done is â€¦",https://content.instructables.com/FGF/G096/JYCUJH8Z/FGFG096JYCUJH8Z.jpg?auto=webp&frame=1&width=2100,building,
https://www.instructables.com/Fishing-for-Fun-Educational-Game/,Fishing for Fun | Educational Game : 12 Steps (with Pictures) - Instructables,"Fishing for Fun | Educational Game: In this activity; children will be able to have fun going ""fishing"" while also being educated. This game can be applied to many different areas of study; but for this instructable; I have created two examples - one example is for math practice; and â€¦",https://content.instructables.com/FIZ/QMAC/JY2T8DTQ/FIZQMACJY2T8DTQ.jpg?auto=webp&frame=1&width=2100,quiz,make it so fish are answers and rods are questions. make each attahment unique so only the right answer works e.g. magnets for one; velcro for another; hooks and loops made of paperclips
https://www.instructables.com/Rainbow-in-a-Bottle/,Rainbow in a Bottle : 6 Steps (with Pictures) - Instructables,"Rainbow in a Bottle: This ""Rainbow in a Bottle"" is a layered solution using different densities of salt water. The materials are super cheap and the end result is impressive.
This project is something I do with my 7th-grade students in my science class. You can find theâ€¦",https://content.instructables.com/FZS/1TFE/JVWNO8DB/FZS1TFEJVWNO8DB.jpg?auto=webp&frame=1&width=2100,art; science,just do 2 colours for early years
https://www.instructables.com/Ironed-Plastic-Bag-Creations-for-Kids/,Ironed Plastic Bag Creations for Kids : 10 Steps (with Pictures) - Instructables,Ironed Plastic Bag Creations for Kids: At Boston Childrenâ€™s Museum; we use this activity to support kids in practicing skills such as thinking creatively; persistence; and envisioning a final product. It is a great introduction to an important tool-- the iron! This activity also encouragâ€¦,https://content.instructables.com/FI0/4BBY/JR6OKTRU/FI04BBYJR6OKTRU.jpg?auto=webp&frame=1&width=2100,art,could do it as a recycling activity; they just cut out and place them and an adult irons; not practical for early years
https://www.instructables.com/String-Art-for-Kids/,String Art for Kids : 5 Steps (with Pictures) - Instructables,"String Art for Kids: At Boston Childrenâ€™s Museum; we use this String Art activity to support kids in practicing skills such as thinking creatively and expressing themselves while practicing how to safely use tools. 
Overview: In this activity; kids will plan a design anâ€¦",https://content.instructables.com/FVP/17XD/JPSO0KZ0/FVP17XDJPSO0KZ0.jpg?auto=webp&frame=1&width=2100,art,do with those peg board things; shove a piece of paper in forst to draw on. could be about making spider webs. could see if we could glue them in place.
https://www.instructables.com/Easy-LEGO-Wall-for-Makerspace-or-Classroom/,Easy LEGO Wall for Makerspace or Classroom : 7 Steps (with Pictures) - Instructables,Easy LEGO Wall for Makerspace or Classroom: This is my process for making a LEGO wall for my space.,https://content.instructables.com/FRC/O8QY/JOIY0H2Q/FRCO8QYJOIY0H2Q.jpg?auto=webp&frame=1&width=2100,building,could be used to track things e.g. height; have you done something
https://www.instructables.com/11-Ways-to-Cut-and-Connect-Cardboard/,11 Ways to Cut and Connect Cardboard : 4 Steps (with Pictures) - Instructables,"11 Ways to Cut and Connect Cardboard: I created this display of 11 techniques for cardboard for an upcoming two day Make Yourself Into a Maker Workshop I run for educators. One of the days is a challenge to create something out of cardboard that you can use in your classroom.
After runnâ€¦",https://content.instructables.com/FTS/9917/JLGV2SCN/FTS9917JLGV2SCN.png?auto=webp&frame=1,art,
https://www.instructables.com/Outer-Space-Straw-Launcher/,Outer Space Straw Launcher : 5 Steps (with Pictures) - Instructables,Outer Space Straw Launcher: Time to make an outer space straw launcher! With this Instructable you'll be able to make your own rocket ship fly!,https://content.instructables.com/FGJ/4OUK/JG2VWWTD/FGJ4OUKJG2VWWTD.jpg?auto=webp&frame=1&width=2100,,do whatever the child is interested in e.g. plane; unicorn; bird; football; superhero; butterflies 
https://www.instructables.com/Light-Play-Studios-in-the-Classroom/,Light Play Studios in the Classroom : 3 Steps (with Pictures) - Instructables,"Light Play Studios in the Classroom: This is part of a series of Instructables intended for teachers about educating students in the classroom around making and tinkering. For more about the details of this project; check out this video on YouTube.
Making and Tinkering can sometimes beâ€¦",https://content.instructables.com/FCT/V6BG/J9YJANKO/FCTV6BGJ9YJANKO.jpg?auto=webp&frame=1&width=2100,art; storytelling,
https://www.instructables.com/Halloween-Projection-Lantern/,Halloween Projection Lantern : 4 Steps (with Pictures) - Instructables,Halloween Projection Lantern: This instructable will tech you how to create your very own halloween projection lantern. This lantern can project images on a surface using an internal light source.,https://content.instructables.com/F4V/H4CY/J98RDTW0/F4VH4CYJ98RDTW0.jpg?auto=webp&frame=1&width=2100,Halloween; art,
https://www.instructables.com/Autumn-Candle-Holder/,Autumn Candle Holder : 5 Steps (with Pictures) - Instructables,"Autumn Candle Holder: Materials :
Brush 
Leaves 
Glass Jar 
Mode Page Glue",https://content.instructables.com/FRZ/OK8B/J8OR4T1F/FRZOK8BJ8OR4T1F.jpg?auto=webp&frame=1,autumn; art; nature,do with lights or glow sticks stuck to the lid; or use plastic bottlse or make window sticks if you don't trust children with glass
https://www.instructables.com/12-Recipes-for-Homemade-Slime/,Easy Recipes for Homemade Slime  : 12 Steps (with Pictures) - Instructables,"Easy Recipes for Homemade Slime : If you love making your own slime; you've come to the right place! We have tons of DIY slime recipes here on Instructables; so I decided to pick a few of our tried-and-tested favorites to share.
In this instructable I'll show you recipes for clear sâ€¦",https://content.instructables.com/FU9/TF84/J6IEVDPH/FU9TF84J6IEVDPH.jpg?auto=webp&frame=1&width=2100,sensory,
https://www.instructables.com/Teaching-Cross-pollination-in-Pre-school/,Teaching Cross-pollination in Pre-school : 3 Steps (with Pictures) - Instructables,Teaching Cross-pollination in Pre-school: This morning the greenhouse keeper at my school asked me if I could help him put together a lesson teaching cross pollination of a flower in a garden to his pre kindergartens that would be visiting the greenhouse. He said he wanted to demonstrate thâ€¦,https://content.instructables.com/FX2/BI7E/J2QF0M8S/FX2BI7EJ2QF0M8S.jpg?auto=webp&frame=1&width=2100,spring; nature,
https://www.instructables.com/Solar-System-Twister/,Solar System Twister  : 14 Steps (with Pictures) - Instructables,"Solar System Twister : Here is a fun and interactive way to teach children (and adults) about the solar system!
There's even a fun twist on the traditional spinner (and a bonus keepsake!) that takes it further than just ""right hand on Pluto."" 
It's time for: Solar System â€¦",https://content.instructables.com/FEJ/9XAY/J3KFEKY6/FEJ9XAYJ3KFEKY6.jpg?auto=webp&frame=1&width=2100,science; art,instead of this just do a demo of how the moon rotates around the earth using split pins
https://www.instructables.com/5-Awesome-Color-Experiments/,lava lamp,lava lamp,https://content.instructables.com/FX7/RYWM/J2QF0JDU/FX7RYWMJ2QF0JDU.jpg?auto=webp&frame=1&crop=3:2&width=300&height=1024&fit=bounds&md=MjAxNy0wNS0xNyAwNzo0MDo0Ni4w,science; art,
https://www.instructables.com/Cardboard-Clock-for-Learning/,Cardboard Clock for Learning : 4 Steps (with Pictures) - Instructables,"Cardboard Clock for Learning: Hi All;This is a extremely simple project that kids can do and great tool for learning on ""how to read time""I know there are digital clocks; which is extremely easy to read.. But I am old school and wanted my son to make one... This takes about 10 tâ€¦",https://content.instructables.com/FM8/3RK4/IY4Q9KOO/FM83RK4IY4Q9KOO.jpg?auto=webp&frame=1&width=2100,,could let children add their own things they do throughout the day on. could make one that shows the class scedule and move it at the end of every activity
https://www.instructables.com/Zipline-Racers-Detailed-Instructable-Remix/,Zipline Racers - Detailed Instructable Remix : 7 Steps (with Pictures) - Instructables,"Zipline Racers - Detailed Instructable Remix: This is part of a series of Instructables intended for teachers about educating students in the classroom around making and tinkering. For more about the details of this project; check out this video on YouTube.
This is a remix of another Instructabâ€¦",https://content.instructables.com/FD2/KD8C/JBE14PSM/FD2KD8CJBE14PSM.jpg?auto=webp&frame=1&width=2100,science,
https://www.instructables.com/Teach-Preschool-to-10th-Grade-Math-With-WAFFLES/,Purposeful Snacking (Pre-K to 10th Grade Math) : 9 Steps (with Pictures) - Instructables,"Purposeful Snacking (Pre-K to 10th Grade Math): So I made waffles for my kids this morning; and suddenly it hit me: 
Waffles are the perfect tool for teaching math! 
We've often seen math taught with other household items; such as Legos. However; waffles can be used as blocks and units (like Legoâ€¦",https://content.instructables.com/FUD/VOKM/IN969D3W/FUDVOKMIN969D3W.jpg?auto=webp&frame=1,maths,make fake potato waffles and peas and use them as counting grids; encourages thinking about maths outside the context of the classroom
https://www.instructables.com/Float-Racers/,Float Racers : 4 Steps (with Pictures) - Instructables,"Float Racers: Ready. Set. Float! 
As the racers take off for the top; you'll find this science-in-a-tube to be a not so dense lesson in buoyancy. Googly eyed; bubbled; and plunged; the racers battle each other in a column but with all sorts of different variablesâ€¦",https://content.instructables.com/FCS/N0PT/IKSN3Q8M/FCSN0PTIKSN3Q8M.jpg?auto=webp&frame=1,sensory,do with soy sauce fish in plastic bottles. fish and water coloured by food colouring or paint; could add glitter
https://www.instructables.com/Paper-Marbling-With-Food-Dye-and-Shaving-Cream/,Paper Marbling With Food Dye and Shaving Cream : 5 Steps (with Pictures) - Instructables,Paper Marbling With Food Dye and Shaving Cream: A quick and easy way to marble paper!,https://content.instructables.com/FBW/7OS7/IIHRID0S/FBW7OS7IIHRID0S.png?auto=webp&frame=1,art,try with foam from washing up liquid
https://www.instructables.com/Flying-fish-3/,Flying Fish : 8 Steps (with Pictures) - Instructables,Flying Fish: would you like to make your own flying fish?,https://content.instructables.com/FR1/MEKD/IFJWOE8K/FR1MEKDIFJWOE8K.jpg?auto=webp&frame=1,art,
https://www.instructables.com/Crayon-Playdough/,Crayon Playdough : 5 Steps (with Pictures) - Instructables,Crayon Playdough: Crayon Playdough recipe is very simple to make. You can make different colors of playdough using different shades of crayons. It gives bold color to dough. Try it out for your preschooler; they will love it for sure. ,https://content.instructables.com/FZR/IWQ6/IDQHP9K1/FZRIWQ6IDQHP9K1.jpg?auto=webp&frame=1,art; recycling,
https://www.instructables.com/No-More-Tears-Watercolor-Crayon-Resist/,No More Tears Watercolor: Crayon Resist : 7 Steps (with Pictures) - Instructables,No More Tears Watercolor: Crayon Resist: If you've ever given a young child a set of watercolors; you know that they aren't as simple to work with as the craft aisle may have you believe. Watercolors are on just about every elementary student's school supply list; but every time they paintâ€¦,https://content.instructables.com/F8X/UHBW/IDQBS9Y9/F8XUHBWIDQBS9Y9.jpg?auto=webp&frame=1,art,use to teach about boundaries and barriers
https://www.instructables.com/Bubble-Painting-for-Kids-and-Artists/,Bubble Painting for Kids and Artists : 8 Steps (with Pictures) - Instructables,"Bubble Painting for Kids and Artists: For a little fun on a warm summer day; try painting with bubbles! This technique can be a fun activity for the kids or a great design element for an artist. 
Thanks to poofrabbit for showing us how to dye with bubbles though I prefer to work with paâ€¦",https://content.instructables.com/FR7/KRXB/ID5S86G9/FR7KRXBID5S86G9.jpg?auto=webp&frame=1,art,
https://www.instructables.com/Homemade-Fossils/,Homemade Fossils! : 5 Steps (with Pictures) - Instructables,Homemade Fossils!: Feeling like a fossil but don't want to wait 100 million years? Now you can make them just like Mother (Earth) used to make! Don't be petrified; it's not as hard as you think. These mold and cast fossils are great for school; home; or as a prank on â€¦,https://content.instructables.com/FYW/U24D/ICN7GA9I/FYWU24DICN7GA9I.jpg?auto=webp&frame=1,science,just use salt dough to do the impression part; they can make the salt dough too
https://www.instructables.com/Model-Magic-Texture-Stamps/,Model Magic Texture Stamps : 6 Steps (with Pictures) - Instructables,Model Magic Texture Stamps: I once gave my kindergarten students a small ball of Model Magic to experiment with; and one of them pressed it up against a texture rubbing plate. This wasn't what I had in mind for the activity; but it turned out to be a wonderful way for my studeâ€¦,https://content.instructables.com/FW8/NNMP/ICD7F2JT/FW8NNMPICD7F2JT.jpg?auto=webp&frame=1,art,use blue tack or something else reusable
https://www.instructables.com/Start-Seeds-Without-Soil/,Grow Seeds Without Soil! : 4 Steps (with Pictures) - Instructables,Grow Seeds Without Soil!: Oh the places they'll grow! Whether you want to eat them; grow them; or throw them in a maraca; seeds are nature's suitcases of magic. From the smallest orchid seed at 1/35;000;000th of an ounce to the largest coconut seed at just under forty poundsâ€¦,https://content.instructables.com/FLG/AC6U/IC7HM8P7/FLGAC6UIC7HM8P7.jpg?auto=webp&frame=1,nature,chia pet or cardbaord farm
https://www.instructables.com/Liquid-Watercolors-From-Dry-Markers/,Liquid Watercolors From Dry Markers : 4 Steps (with Pictures) - Instructables,Liquid Watercolors From Dry Markers: As an elementary art teacher; I have a huge pile up of markers that my little ones have left the caps off of and let dry out. We lovingly call these icky markers. I hate to just throw them away; so one of the things I do with them is make liquid watâ€¦,https://content.instructables.com/F3P/I735/IBRRVVAO/F3PI735IBRRVVAO.jpg?auto=webp&frame=1,art; recycling,
https://www.instructables.com/Self-Watering-Terrarium/,Self-Watering Terrarium! : 7 Steps (with Pictures) - Instructables,Self-Watering Terrarium!: Don't have 4.5 billion years to make a planet? Make your own tiny world on the quick and cheap! After you throw in the basics; cap it off with an ozone; and let life take over. This terrarium is a great quick project to introduce kiddos (and adults;â€¦,https://content.instructables.com/F66/FNV8/IB8J02L7/F66FNV8IB8J02L7.jpg?auto=webp&frame=1,nature,just use plastic bottles
https://www.instructables.com/Anatomy-Animals/,Anatomy Animals : 6 Steps (with Pictures) - Instructables,"Anatomy Animals: To make one of these creatures you will need:
     
Craft Felt 
 Scissors     
 Hot Glue     
 Velcro     
 Iron 
Sewing Machine +Thread      
Freezer Paper      
Printer Paper      
Printer: to print the sewing pattern",https://content.instructables.com/F3V/S2IZ/IAG0ARUB/F3VS2IZIAG0ARUB.jpg?auto=webp&frame=1,health; science,maybe for early years make it more of a laminated print out with flaps that show you inside the body with the antibodies and viruses and an overlay which colour maches in a vaccine needle and makes the virus disappear.or it could be like weights that make the antibodies stronger . helps children understand why they need treatments; make them more comfortable around needles and could teach some colour theory.
https://www.instructables.com/Bottle-Boogie-Flute/,Bottle Boogie Flute!  : 5 Steps (with Pictures) - Instructables,Bottle Boogie Flute! : If you got some boogie bottled up; add this recycled rabble-rouser to your ruse! Whether you're in it for the physics of the phun; this is a great project with youth and adults alike to start getting an idea of resonance; vibration; and the way sounâ€¦,https://content.instructables.com/F7P/R4U0/I9YBIT0H/F7PR4U0I9YBIT0H.jpg?auto=webp&frame=1,music,
https://www.instructables.com/Straw-Flute/,Straw Flute : 3 Steps (with Pictures) - Instructables,Straw Flute: Huzzah! Welcome to your ticket to first chair at the fast food restaurant orchestra! With your new straw flute; you are sure to razzle; dazzle; or at least mildly annoy those around you. For the full effect; have 30 first graders make them and impreâ€¦,https://content.instructables.com/F7Y/TM0F/I395RQCF/F7YTM0FI395RQCF.png?auto=webp&frame=1&width=2100,music,
https://www.instructables.com/Light-Play-Set/,Light Play Set : 15 Steps (with Pictures) - Instructables,Light Play Set: Light Play is an activity in the Tinkering Studio that lets you explore light; shadow; and motion using a variety of simple materials and light sources. Beginning with gently guided  explorations of shadows; single and multiple light sources;  threeâ€¦,https://content.instructables.com/F6J/IJTG/HYPNWMC2/F6JIJTGHYPNWMC2.jpg?auto=webp&frame=1,art; storytelling,
https://www.instructables.com/Paint-Made-from-Berries-Nature/,Paint Made From Berries & Nature : 4 Steps (with Pictures) - Instructables,Paint Made From Berries & Nature: In this Instructable you'll learn how to make paint from berries. This is a great project to do with kids. It's a lot of fun foraging for wild edible fruit and then using some of it to make paint!,https://content.instructables.com/FTA/2L49/HXG6M4SK/FTA2L49HXG6M4SK.jpg?auto=webp&frame=1,art; nature,
https://www.instructables.com/Our-Erosion-Experiment/,Cub Scout Erosion Experiment : 6 Steps (with Pictures) - Instructables,Cub Scout Erosion Experiment: My oldest son (8-years old when I wrote this Instructable) is in Cub Scouts. As part of one of the requirements we were trying to fulfill; our Wolf/Bear Den (combined meeting) performed Elective 15; Water and Soil Conservation; to earn an arrow. (Thâ€¦,https://content.instructables.com/FHD/5KZZ/HUQARFNE/FHD5KZZHUQARFNE.jpg?auto=webp&frame=1,science; nature,
https://www.instructables.com/Paper-Birthday-Cake/,Paper Birthday Cake : 6 Steps (with Pictures) - Instructables,"Paper Birthday Cake: Follow these simple instructions to make this charming papercraft Birthday Cake. This paper project was originally from my website www.robives.com 
Download the pdf file of parts at the link. Print out the three sheet onto thin card (230gsm / 67lb) â€¦",https://content.instructables.com/FCG/OIXN/HUQAR2DD/FCGOIXNHUQAR2DD.jpg?auto=webp&frame=1,,use when it is someones birthday; have their picture on the sideof the slice so it is revealed when you cut the cake
https://www.instructables.com/Gliding-Car/,Gliding Car : 3 Steps (with Pictures) - Instructables,"Gliding Car: This car is designed to be pushed off of a tabletop; glide gently to the ground; and continue rolling!
You can find the lesson plan; 1-page project sheet; and more project ideas at STEM-Inventions.com
",https://content.instructables.com/F01/C8BG/JXYYLO8A/F01C8BGJXYYLO8A.jpg?auto=webp&frame=1,science,
https://www.instructables.com/Straw-Oboe/,straw oboe,straw oboe,https://encrypted-tbn0.gstatic.com/images?q=tbn:ANd9GcT2g39_f4lkqJFg6FwKV0G0HfoICJbFBtJRtuWm-JXE8imiCQ,music,
https://www.instructables.com/Chop-Top/,Chop Top : 9 Steps (with Pictures) - Instructables,"Chop Top: Make a top that creates colors from black!

This is one of the 48 projects for our Instructables: Made In Your Mind (IMIYM) exhibition at the Childrenâ€™s Museum of Houston showing from May 26; 2012 - November 4; 2012. Produced in partnership with Insâ€¦",https://content.instructables.com/F4C/Z1AW/H2TJ4JKX/F4CZ1AWH2TJ4JKX.jpg?auto=webp&frame=1,science; fine motor,for early years present it as a magic traick they need fine motor skills to make work. maybe try a less suble illustion like some kind of swirl or a zootrope. actually just get a spinning top and use it to teach pencil grip; have a bunch of different options for tyhe illision on top so they can choose themselves. i think giving them the option will make them more engaged and getting to see the illusion is an incentive. could print out a bunch of the illusions and just do slits so they can go on those triangular pencils.
https://www.instructables.com/Gyro-Flyer/,Gyro Flyer : 8 Steps (with Pictures) - Instructables,"Gyro Flyer: Make a cylindrical paper airplane!

This is one of the 48 projects for our Instructables: Made In Your Mind (IMIYM) exhibition at the Childrenâ€™s Museum of Houston showing from May 26; 2012 - November 4; 2012. Produced in partnership with Instructablâ€¦",https://content.instructables.com/F40/D7DZ/H2MYEJFU/F40D7DZH2MYEJFU.jpg?auto=webp&frame=1,science,decorate
https://www.instructables.com/Science-Experiment-for-Kids-Light-Box-Magic/,Science Experiment for Kids: Light Box Magic : 8 Steps (with Pictures) - Instructables,"Science Experiment for Kids: Light Box Magic: 

Create a fun light show with your children and teach them about the attributes of light at the same time.

Learning Objective: Introduce kids to the scientific method and light refraction.

Age: Preschool - Elementary

by True Aim

",https://content.instructables.com/F2S/4KQF/H7W4SMA1/F2S4KQFH7W4SMA1.jpg?auto=webp&frame=1,art; science,explain that this is similar to a method used in some places to get cheap light inside without electricity https://scontent.ffab1-2.fna.fbcdn.net/v/t39.30808-6/535121147_747681524636698_5033171810346130775_n.jpg?stp=dst-jpg_s640x640_tt6&_nc_cat=107&ccb=1-7&_nc_sid=127cfc&_nc_ohc=ZgKSD8QM7hYQ7kNvwEfoG0T&_nc_oc=Adm_dDqFyf11hVSYEZ6BS6YAyJZjsXB0ALXh3M87wW0ksKeNQSjwNTyEkvtzD4RQarlDQsEmBuildV_4bBX85aK0&_nc_zt=23&_nc_ht=scontent.ffab1-2.fna&_nc_gid=d-jLRqa4fPX4ptw2Ayz4uw&oh=00_AffU1qPsTJhvL2BmhV4SI-zsPahEZluRTMZcJtJDBeczSw&oe=68E6ABDF
https://www.instructables.com/Math-Doubles-Fun-Plus-Time/,chalk maths outdoors,learn maths by moving your body,https://content.instructables.com/FLP/KES7/GZ0MMBXN/FLPKES7GZ0MMBXN.jpg?auto=webp&frame=1&width=1024&height=1024&fit=bounds&md=MjAxMy0xMi0xNiAwOToxMzowNC4w,maths,draw big numbers in the playground and shout out numbers for the children to run to; try with letters and words too. could make it so whoever gets to it first gets to choose the next one.could make it so they have to line up single file before the next one is chosen.
https://www.instructables.com/Magnetic-Classroom-Vocabulary-Game/,Magnetic Classroom Vocabulary Game : 5 Steps (with Pictures) - Instructables,https://youtu.be/s7_XRcCKqP4,https://content.instructables.com/FP2/L092/GYQDSM4E/FP2L092GYQDSM4E.jpg?auto=webp&frame=1,reading,include symbols so they can familiase themsepves with how a variety of adjectives are spelt. could do it with the list of ones you've already done e.g. fat . could also make it so the kids guess from a predefined list of items.
https://www.instructables.com/Abstract-Art-Assignment/,Abstract Art Assignment : 6 Steps (with Pictures) - Instructables,"Abstract Art Assignment: This instructable is part of the ""Teacher Contest"". Please vote :)

The following instructable will walk you through an art project you can do with your students to help them learn or&nbsp;reaffirm a variety of visual art related theories and techniâ€¦",https://content.instructables.com/FSV/ZYWV/GXL5OZUO/FSVZYWVGXL5OZUO.jpg?auto=webp&frame=1&width=2100,art,drawing something a way that you like how it looks; not because it looks exactly like the real thing
https://www.instructables.com/Toothbrush-Painting/,,splatter paint leaves with toothbrushes,https://content.instructables.com/FKC/3R30/GMX1QCL0/FKC3R30GMX1QCL0.jpg?auto=webp&frame=1&width=778&fit=bounds&md=MjAxNC0wNi0xMiAxODoxMTozNy4w,art; autumn,try other brushes and see if you can do it without a screen
https://www.instructables.com/How-To-Make-Cascarones/,How to Make Cascarones : 7 Steps (with Pictures) - Instructables,How to Make Cascarones: Cascarones; pronounced kas-ka-ron-ez; are a Mexican tradition used for Easter; Cinco de Mayo and other celebrations. It is an egg shell filled with confetti used to crack over someone's head and shower them with the confetti inside. It might sound sâ€¦,https://content.instructables.com/FD1/MJ8M/GMG2IBQ6/FD1MJ8MGMG2IBQ6.jpg?auto=webp&frame=1,easter,"use plastic eggs, have them cut the confetti themselves as a fine motor activity and a way to use up scrap paper"
https://www.instructables.com/MINI-MUFFIN-CRAYONS-A-New-Life-for-Broken-Crayo/,MINI-MUFFIN CRAYONS... a New Life for Broken Crayons! : 4 Steps (with Pictures) - Instructables,MINI-MUFFIN CRAYONS... a New Life for Broken Crayons!: ''''Broken crayons?!?  Don't throw them away...MAKE OLD CRAYONS-NEW AGAIN! Up-cycle your broken crayons into MINI-MUFFIN SIZED CRAYONS.  You will love the tie-dyed look and your young artists will love the mini-disc size---just right for small handsâ€¦,https://content.instructables.com/F0B/L00Q/FW39L9YD/F0BL00QFW39L9YD.jpg?auto=webp&frame=1,recycling;art,would be perfect for leaf impressions 
https://www.instructables.com/Oobleck/,Oobleck: the Dr. Seuss Science Experiment : 5 Steps (with Pictures) - Instructables,Oobleck: the Dr. Seuss Science Experiment: Oobleck is a classic science experiment that's perfect for entertaining both kids and adults. If you haven't seen it in action it's very fascinating stuff and before too long you'll have your hands covered with it; happily making a mess that can be â€¦,https://content.instructables.com/F0A/0ICW/JAIJIVUW/F0A0ICWJAIJIVUW.jpg?auto=webp&frame=1,sensory,explorre its properties with a jug and a hammer
https://www.instructables.com/Card-Stacking-Crazy-Strong/,Card Stacking - Crazy Strong! : 5 Steps (with Pictures) - Instructables,"Card Stacking - Crazy Strong!: You've probably tried card stacking before; the usual line two up against each other; hoping to find the perfect balance. 
Well; that's often a futile attempt: someone walking by knocks it over. ðŸ˜¶
But: with this different method of card stacking; crâ€¦",https://content.instructables.com/FM3/ME0U/KRRSB79Z/FM3ME0UKRRSB79Z.jpg?auto=webp&frame=1&width=2100,building; fine motor,
https://www.instructables.com/Simple-Accordion-Fold-Book/,Simple Accordion Fold Book : 6 Steps (with Pictures) - Instructables,Simple Accordion Fold Book: This hopefully will be a summer camp project! We had a lot of damaged books to breathe new life into and accordion books seemed a great way to do that. The problem was that a lot of the instructions were a little too complicated to do with a large gâ€¦,https://content.instructables.com/F4C/WGZ2/KREXBE2G/F4CWGZ2KREXBE2G.jpg?auto=webp&frame=1,storytelling; writing;art,"text part separated by line, have the bottom covered while they draw or have the text and pictures as seprate pieces"
https://www.instructables.com/Arduino-Based-Counting-Tree-for-Children/,counting tree,press a button to see that many lights lit  up,https://content.instructables.com/FG2/IBZV/KQAX0JZC/FG2IBZVKQAX0JZC.jpg?auto=webp&frame=1&fit=bounds&md=MjAyMS0wNi0yNCAxMzoyMDoyOS4w,maths,
https://www.instructables.com/MAPAX/,free puzzle,all pieces can be connected to each other to make maps of islands,https://content.instructables.com/F3N/6SB9/KOYC2A7N/F3N6SB9KOYC2A7N.jpg?auto=webp&frame=1&width=783&height=1024&fit=bounds&md=MjAyMS0wNS0yMiAwNTo1MTowNC4w,,
https://www.instructables.com/Mosaic-Hand-Art/,Mosaic Hand Art : 8 Steps (with Pictures) - Instructables,Mosaic Hand Art: Hi; I created this fantastically colourful mosaic hand at the school that I work at. We wanted to create an art piece that every student and staff member at the school could have some input in. By choosing to do mosaic it allowed every person to plaâ€¦,https://content.instructables.com/FVN/V6AI/KQ16ASTB/FVNV6AIKQ16ASTB.jpg?auto=webp&frame=1,art,make an impression of your hand in a rectangle of clay then decorate how you want with beads; glitter; paint etc. and press down again to make it stick
https://www.instructables.com/How-to-Make-a-Scribble-Bot/,scribble bot,simple motorised drawing robot,https://content.instructables.com/F6O/XXI3/KPTRPY0B/F6OXXI3KPTRPY0B.jpg?auto=webp&frame=1&width=600&height=1024&fit=bounds&md=MjAyMS0wNi0xMiAxMjoyNToyNC4w,art;science,
https://www.instructables.com/How-to-Make-Magnetic-Slime-With-Iron-Filings/,magnetic slime,magnetic slime,https://encrypted-tbn2.gstatic.com/images?q=tbn:ANd9GcTwErF3nz1K3htHq0ZyVcuoAd9EI9CRFdtN_Dxvo6mhy9o6Fw,sensory,
https://www.instructables.com/Light-Up-Chipboard-Robot-Toy/,Light-Up Chipboard Robot Toy : 10 Steps (with Pictures) - Instructables,"Light-Up Chipboard Robot Toy: Make this chipboard robot light up when you find his secret tickle buttons. (psst..... they are under his armpits. Tee hee!)
In this project; you'll build a simple circuit with Maker Tape; an LED; and a coin cell battery.",https://content.instructables.com/FGP/8094/KPGWR5CQ/FGP8094KPGWR5CQ.jpg?auto=webp&frame=1,art,make split pin models of the mini-me's or other characters and animals. could be used in storytelling;animation etc.
https://www.instructables.com/Kinderkid-Pride/,Kinderkid Pride : 3 Steps (with Pictures) - Instructables,"Kinderkid Pride: While celebrating PRIDE month my 4/5-year-olds had the opportunity to paint their favorite thing....A RAINBOW.
After painting the basic rainbow we added a little extra detail in each section with another shade or tint of the first color used. The châ€¦",https://content.instructables.com/FQJ/QC8T/KPGWR1WX/FQJQC8TKPGWR1WX.png?auto=webp&frame=1,art,try different thing like a different tool for each colour e.g. paint;crayon etc. or using a different texture or colour for each colour or instead of having a traditional rainbow print outs of the colours in straight lines on a piece of paper where they draw something of that colour in each section and they could all be put together into a rainbow (could also be done so that you give them a little coloured piece of paper or post it note for each colour and assemble the rainbow like that)
https://www.instructables.com/Mirrors-Paper-Cutting-and-Symmetry/,Mirrors; Paper Cutting; and Symmetry : 8 Steps (with Pictures) - Instructables,Mirrors; Paper Cutting; and Symmetry: Experimenting with hinged mirrors is a way to explore captivating kaleidoscopic patterns and their underlying mathematical symmetry. Combining hinged mirrors with paper cutting can capture these patterns; and link to art forms such as quilting; Papeâ€¦,https://content.instructables.com/F37/ENEQ/KPGWR1PZ/F37ENEQKPGWR1PZ.jpg?auto=webp&frame=1&width=2100,science,could give them items and goal pictures taken from specific  angles so they can see if they can recreate it.
https://www.instructables.com/Shadow-Stage/,Shadow Stage : 8 Steps (with Pictures) - Instructables,"Shadow Stage: A shadow screen or shadow stage can be used to tell stories; set up mysterious or beautiful scenes; pose shadow puzzles; and learn about how light works.  
Shadow Stage was developed as part of the Light and Shadow Workshop; using basic tools -- mirâ€¦",https://content.instructables.com/F1S/KGUD/KPGWR1H2/F1SKGUDKPGWR1H2.jpg?auto=webp&frame=1&width=2100,art; storytelling,could experiment with items with different levels of opacity
https://www.instructables.com/Rainbow-Salt-Crystal-Painting/,Rainbow: Salt Crystal Painting : 3 Steps (with Pictures) - Instructables,Rainbow: Salt Crystal Painting: Hello everyone;This instructable is about salt crystal painting. It is a fun and interesting STEM activity that you can do with your child. For this instructable I used a rainbow theme to make this painting as it was easy to draw.The&nbsp;Science Beâ€¦,https://content.instructables.com/FXK/RYYX/KP2MDM6L/FXKRYYXKP2MDM6L.jpg?auto=webp&frame=1&width=2100,science; art,
https://www.instructables.com/Giant-Cicada-Friend-Using-a-Paper-Lunch-Bag/,Giant Cicada Sculpture Using a Paper Lunch Bag : 7 Steps (with Pictures) - Instructables,Giant Cicada Sculpture Using a Paper Lunch Bag: Every 17 years the Brood X Cicadas emerge from underground to live with humans who reside around the middle of the eastern half of the United States.  They are loud and harmless and should be celebrated.  And what better way to celebrate them; than â€¦,https://content.instructables.com/FL4/EVJ2/KOSMC6C6/FL4EVJ2KOSMC6C6.jpg?auto=webp&frame=1&width=2100,recycling; art,
https://www.instructables.com/Lesson-2-Hand-Drawn-Peacock/,Lesson 2: Hand Drawn Peacock : 5 Steps (with Pictures) - Instructables,"Lesson 2: Hand Drawn Peacock: Hello there; hope you're well. 
In today's lesson I we'll be aiming to teach you how to draw a peacock with your hand.
This lesson is very easy and you only need 3 tools to make similar to the hand drawn dog; but more detail will be required.
The fiâ€¦",https://content.instructables.com/F3N/KE4I/KOMWII75/F3NKE4IKOMWII75.jpg?auto=webp&frame=1&width=2100,art,do fingerpainting for the eyes
https://www.instructables.com/Lesson-1-Hand-Drawn-Dog/,Lesson 1: Hand Drawn Dog : 3 Steps (with Pictures) - Instructables,"Lesson 1: Hand Drawn Dog: Hello there; hope you're doing well. 
In today's lesson I we'll be aiming to teach you how to draw a dog's head by using your hand as a template.
This lesson is very easy and you only need 3 tools to complete the task.
The outcome we'll leave you prâ€¦",https://content.instructables.com/FFJ/ZQU1/KOMWII6C/FFJZQU1KOMWII6C.jpg?auto=webp&frame=1&width=2100,art,could also do it with mittens where thumb is bottom jaw
https://www.instructables.com/Wobble-Bot-Recreation/,Wobble Bot Recreation  : 11 Steps (with Pictures) - Instructables,"Wobble Bot Recreation : Today we will be building our buzzing robots a little differently There are tons of videos online of how to build your battery power friends that jump; waddle around; and dance. Using cardboard and googly eyes; youâ€™ll have a new friend in no time.
 â€¦",https://content.instructables.com/FLC/S9VV/KOLH2ARK/FLCS9VVKOLH2ARK.jpg?auto=webp&frame=1,science,see if you can do it without a motor e.g. using a wind up thing or pointy legs so it can teeter around
https://www.instructables.com/Sidewalk-Chalk-Art/,Sidewalk Chalk Art : 10 Steps (with Pictures) - Instructables,Sidewalk Chalk Art: Introduction: This sidewalk chalk activity is a great way to get outside on a sunny afternoon. Last summer while in quarantine me and my family did this it took about two hours for 5 kids to do. This weekend I decided to do another one for instructaâ€¦,https://content.instructables.com/F7F/W7HI/KOIM6PTV/F7FW7HIKOIM6PTV.jpg?auto=webp&frame=1,art,could do a colour by numbers
https://www.instructables.com/Librero-M%C3%A1gico/,Librero MÃ¡gico  : 5 Steps (with Pictures) - Instructables,Librero MÃ¡gico : Este proyecto estÃ¡ inspirado en los niÃ±os de mi curso (nivel KÃ­nder); y que cuando volvamos a clases presenciales; no tendrÃ¡n la posibilidad de manipular los libros y cuentos de nuestras bibliotecas de aula (pandemia). La soluciÃ³n que encontrÃ© para â€¦,https://content.instructables.com/FOX/Q315/KO1GWUYV/FOXQ315KO1GWUYV.jpg?auto=webp&frame=1&width=2100,reading,could be done as a website 
https://www.instructables.com/Tutti-Frutti-Color-Wheel/,Tutti Frutti Color Wheel : 3 Steps (with Pictures) - Instructables,Tutti Frutti Color Wheel: This pandemic has shown us the importance of rethinking everything; being flexible and looking at problems from different perspectives. For this project I was inspired by a student I have in first grade; who is almost blind. I have never seen a girlâ€¦,https://content.instructables.com/FHG/Y0CJ/KO1GWOXO/FHGY0CJKO1GWOXO.jpg?auto=webp&frame=1&width=2100,sensory,"see if you can use all senses except taste and make texture etc. match the actual fruit e.g. orange would be dimpled, kiwi fuzzy"
https://www.instructables.com/Cardboard-Box-Foosball/,Cardboard Box Foosball : 6 Steps (with Pictures) - Instructables,"Cardboard Box Foosball: Materials
Cardboard box 2 Sticks*1 small ball***Try dowels; skewer sticks; chopsticks; straws; small branches**Try a ping pong ball; marble; some balled up paper; tin foil
ToolsBoxcutter or serrated knife Glue or tape Markers",https://content.instructables.com/FUF/HKF7/KDRE0KVM/FUFHKF7KDRE0KVM.jpg?auto=webp&frame=1,fine motor,could be with mini me's or other characters 
https://www.instructables.com/The-Very-Hungry-Caterpillar-Craft-FREE-Template/,The Very Hungry Caterpillar Craft: FREE Template : 7 Steps (with Pictures) - Instructables,"The Very Hungry Caterpillar Craft: FREE Template: Unleash your creativity with this fantastic papercraft of The Very Hungry Caterpillar! Crafting it is a breeze. Just print out the sheet and then follow the instructions provided below.
In case you are fond of this craft; we have more FREE crafts foâ€¦",https://content.instructables.com/F9C/0CP9/LG54OQWT/F9C0CP9LG54OQWT.jpg?auto=webp&frame=1&width=2100,art,do a split pin version with laminated ovals; could see if it will actually go through the holes in the book. could try a version of the out of the next pagebook where the caterpillar disappears into a pocket at the end of a page and a bigger one comes 
https://www.instructables.com/An-Open-Kit-for-Tinkering-With-Balance/,learn about balancing,learn about balancing,https://encrypted-tbn3.gstatic.com/images?q=tbn:ANd9GcQv7SIWJ60jylcSBUxDm9UyeaUUw0jDTZp2OXKqj4Ki47_9ZQ,science; maths,
https://www.instructables.com/Your-First-Pixel-Art/,pixelart,pixelart,https://encrypted-tbn2.gstatic.com/images?q=tbn:ANd9GcTrmNSQ7pAQbm3DRipr41RfNFY_6NhrZn1N7g3siv8wczUJQg,art,"practise colouring in the lines, or possibly try with small square stamps or making with something like lego after designing on paper"
https://www.instructables.com/Color-Photo-Breakdown-and-Build-Up-Exploring-the-R/,Color Photo Breakdown and Build Up - Exploring the REAL Primary Colors : 6 Steps (with Pictures) - Instructables,Color Photo Breakdown and Build Up - Exploring the REAL Primary Colors: Have you ever wondered how the colored inks in your printer work together to create a full color photograph? Follow along as we show you how to decompose a full color photograph into the primary colors of ink and then recompose the full color image â€¦,https://content.instructables.com/FMX/0IMM/KYV92W6I/FMX0IMMKYV92W6I.jpg?auto=webp&frame=1&width=2100,art,
https://www.instructables.com/Winter-STEAM-for-All-Ages/,Winter STEAM for All Ages : 6 Steps (with Pictures) - Instructables,Winter STEAM for All Ages: Welcome back teachers and parents to all ages. Here I have compiled some STEAM projects that we have done with our after school (elementary) kiddos. The inspiration for these came from all over the place; books; blogs; friends and libraries; but theâ€¦,https://content.instructables.com/F7A/7NR5/KZCPISA0/F7A7NR5KZCPISA0.jpg?auto=webp&frame=1&width=2100,art; recycling,could be a good end of winter term activity to use up the unclaimed art and scrap paper. the kids can compact the paper for you.
https://www.instructables.com/Imbolc-Sheep/,Imbolc Sheep : 7 Steps (with Pictures) - Instructables,Imbolc Sheep: This sheep stick puppet is an easy and fun craft to create for Imbolc!,https://content.instructables.com/FN9/9CVA/KYPUFKJQ/FN99CVAKYPUFKJQ.jpg?auto=webp&frame=1&width=2100,art,
https://www.instructables.com/Tunnel-Book-Three-Wishes-for-Cinderella-video-Incl/,Tunnel Book: Three Wishes for Cinderella (video Included) : 5 Steps (with Pictures) - Instructables,"Tunnel Book: Three Wishes for Cinderella (video Included): Have you heard of a â€œtunnel bookâ€? I am absolutely enchanted and hereâ€™s one I made according to a scene from Three Wishes for Cinderella; the most internationally famous Czech fairy-tale.
Tunnel book is a 3D art book create from various layers that â€¦",https://content.instructables.com/F5L/BYVK/M9FNNN3C/F5LBYVKM9FNNN3C.jpg?auto=webp&frame=1,art,
https://www.instructables.com/Tower-Tower-CASTLE/,carton castle,make towers out of drink cartons,https://encrypted-tbn0.gstatic.com/images?q=tbn:ANd9GcQl2Hu9l0DKRCLi0xVLTAdCFkWAnGcIWNvoI8tSkvsTGQgvOg,building; recycling,
https://www.instructables.com/Rule-of-Thumb-Three-Steps-to-Estimate-Objects/,Rule of Thumb - Three Steps to Estimate Objects. : 3 Steps (with Pictures) - Instructables,"Rule of Thumb - Three Steps to Estimate Objects.: In this instructable I will be showing you how to estimate the height of big objects.

What you need to know:
Be precise with measurements that you can make.
Artists use this technique to draw objects proportionally.
You can do this using the metricâ€¦",https://content.instructables.com/FST/LF9Z/KW3JE546/FSTLF9ZKW3JE546.png?auto=webp&frame=1,art,use a simplified version to teach how to draw things proportionally
https://www.instructables.com/Coffee-Filter-Butterfly/,coffee filter butterfly,coffee filter butterfly,https://encrypted-tbn3.gstatic.com/images?q=tbn:ANd9GcRQeC1yC_BQhXFV8OgV9P3SMk82klhUvU9rYmJ6jvPuMeqkCQ,art,make with tissue paper or scrap paper
https://www.instructables.com/The-Nebula-Projector-Project-for-Kids/,space projector,uses milk jug and torch,https://encrypted-tbn2.gstatic.com/images?q=tbn:ANd9GcSYZ-hK9O6I2k8UNBQNVOxwM6YjR6v7aJz5H-Mz1vh8xPJ0TQ,art; science,
https://www.instructables.com/Flying-Fish-Paper-Spinner/,Flying Fish Paper Spinner : 7 Steps (with Pictures) - Instructables,"Flying Fish Paper Spinner: This is a fun activity and a great boredom-buster for children that can keep them engrossed in their imagination for hours. All you need is some paper and scissors and you're ready to go.
 Being simple and mess-free is an added bonus making this a gâ€¦",https://content.instructables.com/FZ4/KFU4/KSONGJKT/FZ4KFU4KSONGJKT.jpg?auto=webp&frame=1,art,could pretend it's helicopter seeds
https://www.instructables.com/Learning-the-Four-Classical-Elements-the-Construct/,Learning the Four Classical Elements: the Constructivism Way : 4 Steps (with Pictures) - Instructables,Learning the Four Classical Elements: the Constructivism Way: Constructivism is the theory that supports learners constructing knowledge rather than just passively accepting information. This Instructable sets up a learning situation where students create their own meaning of the classical elements using Lego â€¦,https://content.instructables.com/FZQ/RQ6Z/KSN80RMU/FZQRQ6ZKSN80RMU.jpg?auto=webp&frame=1&width=2100,art,could be done for seasons. could also have a printout for each season and elements for children to sort into right season. could also be done about environments e.g. desert;forest;city;arctic
https://www.instructables.com/Stories-With-LEGO-Characters/,Stories With LEGO Characters : 12 Steps (with Pictures) - Instructables,"Stories With LEGO Characters: If you have visited the luann2425 Instructables page before; you will know that ""Grandma Van"" is all about storytelling.
My grandchildren now live in Scotland. I am in the USA. We spend a lot of time making up stories on FaceTime. 
One of the easiesâ€¦",https://content.instructables.com/FPW/IRFR/KRUN60F4/FPWIRFRKRUN60F4.jpg?auto=webp&frame=1&width=2100,storytelling,could do still art drawings if you don't want to take pictures. or trace it
https://www.instructables.com/Paper-Construction-Tubes/,Paper Construction Sticks : 4 Steps (with Pictures) - Instructables,"Paper Construction Sticks: I've used a variety of retail kits to play with polygons and polyhedra. Things like K'Nex and Zometool sets have found a home in my classroom and the students love using them to build geometric models.
As a DIYer; I've also used an assortment of matâ€¦",https://content.instructables.com/FBF/0XM0/KDSTDMPO/FBF0XM0KDSTDMPO.jpg?auto=webp&frame=1,recycling; building,
https://www.instructables.com/Non-Toxic-Craft-and-Sensory-Sand/,"Non-Toxic Craft and Sensory ""Sand"" : 11 Steps (with Pictures) - Instructables","Non-Toxic Craft and Sensory ""Sand"": This Instructable will cover how to use craft paint and salt to make a non-toxic rainbow play or sensory ""sand"".
Preparing the sand is simple and easy. It  takes about a half hour of prep (mixing) and at least an hour of dry-time;-but this depends oâ€¦",https://content.instructables.com/FVY/0D54/KDYJKXC5/FVY0D54KDYJKXC5.jpg?auto=webp&frame=1,art,could be used outside when it's icy to make it clear where is safe
https://www.instructables.com/DIY-Stained-Glass/,DIY Stained Glass! : 5 Steps (with Pictures) - Instructables,DIY Stained Glass!: Today I'll be telling you how to make your own DIY stained glass for cheap! The total cost for me was under $20; but if you already have glue at home; it'll probably cost you less than $15. This is such a fun and easy project; you could do it by youâ€¦,https://content.instructables.com/FAE/1M10/KE48WZT3/FAE1M10KE48WZT3.jpg?auto=webp&frame=1&width=2100,art,just make their own window stickers by using hot glue and an iron
https://www.instructables.com/Cardboard-Succuent-Decoration/,cardboard plant,cardboard plant,https://encrypted-tbn3.gstatic.com/images?q=tbn:ANd9GcT58tGneC2t_sdLSxeRLYXlWvxCogkhlhP2SeRqBfhWCCeDsQ,art;recycling,
https://www.instructables.com/Rainstick-MakerTube/,Rainstick : 4 Steps (with Pictures) - Instructables,Rainstick: The rainstick is believed to have been invented by a group of indigenous people in Northern Chile. They were made by hammering cactus spikes into dead cactus tubes and filling them with rocks. Whenever an object filters through a rainstick; it bouncâ€¦,https://content.instructables.com/FS1/OF6W/KJLFL71Q/FS1OF6WKJLFL71Q.jpg?auto=webp&frame=1,music,
https://www.instructables.com/Wobble-Head-Rattle-Writer/,Wobble Head Rattle Writer : 7 Steps (with Pictures) - Instructables,"Wobble Head Rattle Writer: This simple robot will have your students engineering this adorable rattling robot with its wobbly head!
Materials: electric toothbrush with one AA battery (available for $1 at most dollar stores); pool noodle; plastic knife; washable markers; rubbeâ€¦",https://content.instructables.com/FB8/MRRO/KF2JHJPB/FB8MRROKF2JHJPB.jpg?auto=webp&frame=1&width=2100,science,see if you could make a non motorised version by giving it one of those balance sticks and you poke it
https://www.instructables.com/Gravity-Powered-Robot-Walker/,Gravity-Powered Robot Walker : 4 Steps (with Pictures) - Instructables,"Gravity-Powered Robot Walker: Walking robots have been a favorite project of robotics labs for a while. And if the robots are two-legged -- or walk as if they were two-legged -- scientists naturally look to human movement as a guide. Why reinvent the wheel (or the foot)?
One braâ€¦",https://content.instructables.com/FT6/SQ8I/KF32FCPG/FT6SQ8IKF32FCPG.jpg?auto=webp&frame=1&width=2100,science,
https://www.instructables.com/Nature-Display/,Nature Display : 4 Steps (with Pictures) - Instructables,Nature Display: First; grab a bucket; box; or bag and take a nature walk. Take a look around and think about the animals; plants; and natural materials. Collect as many different types of natural objects as you can find but make sure you arenâ€™t harming the natural â€¦,https://content.instructables.com/F21/IHS9/KJLFL2KR/F21IHS9KJLFL2KR.jpg?auto=webp&frame=1,art; nature,
https://www.instructables.com/Make-a-Document-Camera-Out-of-an-Old-Box-and-a-Mir/,Make a Document Camera Out of an Old Box and a Mirror. : 7 Steps (with Pictures) - Instructables,Make a Document Camera Out of an Old Box and a Mirror.: This project recycles an old box to make a document camera.  Distance learning is not great; but this document camera can help a teacher see what a student is writing on.  This document camera can also be used by a teacher as a document camera too. â€¦,https://content.instructables.com/F13/G0HD/KF5EAB29/F13G0HDKF5EAB29.jpg?auto=webp&frame=1,teacher,
https://www.instructables.com/Cardboard-and-Velcro-Building-Tiles/,Cardboard and Velcro Building Tiles : 7 Steps (with Pictures) - Instructables,Cardboard and Velcro Building Tiles: These cardboard Velcero Building Tiles are wonderful for so many reasons. Unlike Magna-Tiles; they don't come crashing down as easily and loudly; which is great news for my classroom. Also because they are held together with Velcro; you can create aâ€¦,https://content.instructables.com/FK1/OT9A/KFL45YK9/FK1OT9AKFL45YK9.jpg?auto=webp&frame=1,building; fine motor,see what else you could do e.g. poppers
https://www.instructables.com/Preschool-Art-Lesson-Kandinskys-Circles/,Preschool Art Lesson: Kandinsky's Circles : 6 Steps (with Pictures) - Instructables,Preschool Art Lesson: Kandinsky's Circles: Your child can make an easy; colorful; and fun painting inspired by Wassily Kandinsky's well-known painting Color Study: Squares with Concentric Circles. This project is best suited for ages 3 through 5. Children may need help with measuring or foldâ€¦,https://content.instructables.com/FHN/YSYS/KFPNLIVQ/FHNYSYSKFPNLIVQ.jpg?auto=webp&frame=1&width=2100,art; fine motor,
https://www.instructables.com/Under-the-Sea-Decoration-for-ClassroomPlayroom/,Under the Sea Decoration for Classroom/Playroom : 5 Steps (with Pictures) - Instructables,"Under the Sea Decoration for Classroom/Playroom: Super simple and my kids love it!
It doesn't have to be sharks; you can use any sea life.",https://content.instructables.com/F4K/OPBS/KFWJNV8Y/F4KOPBSKFWJNV8Y.jpg?auto=webp&frame=1,nature; art,
https://www.instructables.com/Paper-Plate-Fractions-Math-Manipulative/,Paper Plate Fractions - Math Manipulative : 8 Steps (with Pictures) - Instructables,"Paper Plate Fractions - Math Manipulative: Help kids learn about fractions with paper plates by giving them something that's visual and hands on. You could also do this with a regular sheet of paper (square would be best) if you don't have any plates.
Instructable 342",https://content.instructables.com/FQW/QI9R/KFXZ4774/FQWQI9RKFXZ4774.jpg?auto=webp&frame=1&width=2100,phonics; reading,do a word version where you draw a picture on one side of the plate and write the word on the other than cut it up according to the letters so you can put the word together by putting the puzzle together
https://www.instructables.com/Potato-Battery/,Potato Battery : 7 Steps (with Pictures) - Instructables,"Potato Battery: So I have been interested in electronics and batteries in specific for a while; Telsa's recent announcement of their new ""tabless"" battery has rekindled that interest. So once I saw this challenge I figured I would take this opportunity to explain aâ€¦",https://content.instructables.com/FPR/93VU/KFZEJ7TC/FPR93VUKFZEJ7TC.jpg?auto=webp&frame=1&width=2100,science,
https://www.instructables.com/Simple-Flying-Toilet-Paper-Ghost-Decoration/,Simple Flying Toilet Paper Ghost Decoration : 5 Steps (with Pictures) - Instructables,"Simple Flying Toilet Paper Ghost Decoration: These flying toilet paper ghost decorations are a quick and easy way to add a little Halloween fun to your day! This project is great for all ages and uses 3 supplies that can be found in any household.
You can loop them around your neck for a fun pâ€¦",https://content.instructables.com/FI7/TR9P/KG6JVKGS/FI7TR9PKG6JVKGS.jpg?auto=webp&frame=1&width=2100,halloween; art,
https://www.instructables.com/Paperboard-Mosaics/,paper mosiac,paper mosiac,https://encrypted-tbn2.gstatic.com/images?q=tbn:ANd9GcQQAX3ZPg7Q8QsiEyOaW31PN_Bp9ffKFM30l1Y4nzMng-jocA,recycling; art,do not permanent ones. could also have puzzle challanges by keeping the borders of some things and seeing if they can puzzle it back together
https://www.instructables.com/Paper-Racing-Caterpillars/,Paper Racing Caterpillars  : 6 Steps (with Pictures) - Instructables,Paper Racing Caterpillars : In today's story; we heard about breath; and all the ways that breath can be used; as words or as actions. Now; let's use the action of our breath to do something fun: racing paper caterpillars!,https://content.instructables.com/FIL/FSLF/KGAU21SW/FILFSLFKGAU21SW.jpg?auto=webp&frame=1&width=2100,art,
https://www.instructables.com/DIY-Edible-Texture-Finger-Paint-for-Kids/,DIY Edible Texture Finger Paint for Kids : 4 Steps (with Pictures) - Instructables,DIY Edible Texture Finger Paint for Kids: In these unstable times; when the only safe place is your home; it can be really challenging to maintain a life full of excitement and joy! Lets bring some color into our lives by making homemade texture finger paint for your little ones. It sure wiâ€¦,https://content.instructables.com/FIH/RKKT/KGGJU7XD/FIHRKKTKGGJU7XD.jpg?auto=webp&frame=1&width=2100,sensory; art,
https://www.instructables.com/No-sew-Owl-Costume/,No-sew Owl Costume : 19 Steps (with Pictures) - Instructables,"No-sew Owl Costume: Have you picked your costume for Halloween? Would you like to be a hoot owl this time?
As Halloween is around the corner; I wanted to share this DIY owl costume; which I made last year for my 2-year-old for the carnival. This 3 piece costume includeâ€¦",https://content.instructables.com/FUE/5P1L/KGGJWVID/FUE5P1LKGGJWVID.jpg?auto=webp&frame=1&width=2100,art,have the kids design a feather each and put it all together into an owl
https://www.instructables.com/Bee-Bug-Tower-Hotel/,Bee & Bug Tower Hotel : 7 Steps (with Pictures) - Instructables,Bee & Bug Tower Hotel: This is a project to aid our garden workers - our bee's; insects; bugs and butterflies. There are lots of varieties of bug houses and this is just a different way of doing it.,https://content.instructables.com/FQ9/FP8S/KGZ4KW1D/FQ9FP8SKGZ4KW1D.jpg?auto=webp&frame=1,nature; building,
https://www.instructables.com/TILT-Balancing-Game-Console/,TILT: Balancing Game Console : 6 Steps (with Pictures) - Instructables,TILT: Balancing Game Console: Welcome to this instructable on making a low-cost cardboard game console! We have provided 3 web-based games for you to play with your kids. This is a project developed to promote the concept of sharing among kids as the console requires 2 players tâ€¦,https://content.instructables.com/FAX/9B1N/KGZ4K54L/FAX9B1NKGZ4K54L.jpg?auto=webp&frame=1&width=2100,,
https://www.instructables.com/Makedo-Cardboard-Construction-in-the-Classroom/,Makedo Cardboard Construction in the Classroom : 4 Steps (with Pictures) - Instructables,Makedo Cardboard Construction in the Classroom: This is part of a series of Instructables intended for teachers about educating students in the classroom around making and tinkering. For a full list of other Instructables see our collection or the .pdf Making and Tinkering Cookbook at the end of â€¦,https://content.instructables.com/FHN/5B3H/KIFZU7NN/FHN5B3HKIFZU7NN.jpg?auto=webp&frame=1&width=2100,building; recycling,
https://www.instructables.com/How-to-Build-Lego-Pizza-Stop-Motion-Cooking-Prop/,How to Build Lego Pizza - Stop Motion Cooking Prop : 20 Steps (with Pictures) - Instructables,"How to Build Lego Pizza - Stop Motion Cooking Prop: Today we will be creating an Italian favorite dish of Pizza. Using a combination of bricks and plates; we will be adding pepperonis; olives; and pepper to create this classic dish that can be found around the world at pizza parlors.
How long will thâ€¦",https://content.instructables.com/FBX/Y7EP/KJ757NV4/FBXY7EPKJ757NV4.png?auto=webp&frame=1,building; storytelling,do a version with paper cutouts or play dough or whatever else you have
https://www.instructables.com/Block-Printing-With-Foam-Stamps/,Block Printing With Foam Stamps : 4 Steps (with Pictures) - Instructables,Block Printing With Foam Stamps: Block printing is the overall term for creating prints using some variation on a stamp. You can use a wide variety of materials for making your stamps; the ink or paint youâ€™ll use; or what you choose to print on. Making stamps with foam is a bit easâ€¦,https://content.instructables.com/FXI/6V6Q/KJ8KMXQK/FXI6V6QKJ8KMXQK.jpg?auto=webp&frame=1,art,
https://www.instructables.com/Rainy-Cloud-Room-Decor/,rain cloud craft,rain cloud craft,https://encrypted-tbn0.gstatic.com/images?q=tbn:ANd9GcTINuOR2ANx9aKWthtLgMPbGD16xWSHJhj9UGgPK6tjgy3fBA,art,
https://www.instructables.com/Full-Color-Play-Dough-Sensory-Play/,Full Color Play Dough Sensory Play : 4 Steps (with Pictures) - Instructables,"Full Color Play Dough Sensory Play: The current situation in which children and their families are in their home; staying at home to avoid spreading the Corona virus.
Playing and learning with children with materials that are easily available and environmentally friendly; as well as iâ€¦",https://content.instructables.com/FCB/24JH/KLP628V9/FCB24JHKLP628V9.jpg?auto=webp&frame=1,sensory,
https://www.instructables.com/Hug-A-Bunny-Bot/,Hug-A-Bunny Bot  : 6 Steps (with Pictures) - Instructables,Hug-A-Bunny Bot : The Hug-A-Bunny Bot wants to bring you joy and give you hugs!,https://content.instructables.com/FU5/NFT3/KLUVOW3B/FU5NFT3KLUVOW3B.jpg?auto=webp&frame=1&width=2100,fine motor,
https://www.instructables.com/Calendarbeads/,Calendarbeads : 5 Steps (with Pictures) - Instructables,"Calendarbeads: Your favorite month of the year to wear as bracelet or necklace (or ...). I chose July 2020 for not lock-down-ing but vacation and swimming in the Mediterranean Sea. Which month will you choose?
Make your own paper beads (and optional also a tool toâ€¦",https://content.instructables.com/FH2/OK9E/KMT69H8S/FH2OK9EKMT69H8S.jpg?auto=webp&frame=1&width=2100,fine motor; recycling,
https://www.instructables.com/Taylor-Swifts-Lover-House-Musical-Touch-Painting/,Taylor Swift's Lover House Musical Touch Painting,a musical painting that sings tracks from her albums when you press the center of each room,https://content.instructables.com/FZS/MD99/MEUA4TQ7/FZSMD99MEUA4TQ7.jpg?auto=webp&frame=1&width=400&height=1024&fit=bounds&md=MjAyNS0wOS0wNyAxMjowODoyOS4w,storytelling,make it so that you can have different overlays 
https://www.youtube.com/watch?v=WsPlZbB3ltI,10 min pancake cookie recipe,10 min pancake cookie recipe,,cooking,
https://www.youtube.com/watch?v=dC0QTz8Do58,5 min ice cream in a bag,5 min ice cream in a bag,,cooking,
https://www.youtube.com/watch?v=uZ316rfI2QI,hide and seek slime,put small items in transparent slime,,sensory; fine motor,put little numbers or letters in (possibly laminated because they're probably easier to clean than beads) and ask them to find certain ones or find the ones to spell certain words or their name
https://www.youtube.com/watch?v=Ni3aa2GHhCQ,2 ingredient fudge/brownies,apple sauce and chocolate,,cooking,