FARM,cat.gif
FARM,cat2.gif
FARM,cat3.gif
FARM,cat4.gif
FARM,chicken.gif
FARM,cow.gif
FARM,dog 5.gif
FARM,dog.gif
FARM,dog2.gif
FARM,dog3.gif
FARM,dog4.gif
FARM,duck.gif
FARM,duck2.gif
FARM,duck3.gif
FARM,horse.gif
FARM,horse2.gif
FARM,horse3.gif
FARM,pig.gif
DINO,brontosaurus.gif
DINO,dino.gif
DINO,mapusaurus.gif
DINO,spinosaurus.gif
DINO,trex1.gif
DINO,trex2.gif
DINO,trex3.gif
MUSIC,bigdrum.gif
MUSIC,bigdrum2.gif
MUSIC,bigdrum3.gif
MUSIC,bongos.gif
MUSIC,drumset.gif
MUSIC,drumset2.gif
MUSIC,drumset3.gif
MUSIC,flute.gif
MUSIC,flute2.gif
MUSIC,glockenspiel.gif
MUSIC,glockenspiel2.gif
MUSIC,glockenspiel3.gif
MUSIC,guitar.gif
MUSIC,guitar2.gif
MUSIC,guitar3.gif
MUSIC,maracas.gif
MUSIC,piano.gif
MUSIC,piano2.gif
MUSIC,piano3.gif
MUSIC,piano4.gif
MUSIC,rimshot.gif
MUSIC,saxophone.gif
MUSIC,tambourine.gif
WHEEL,ambulance.gif
WHEEL,ambulance2.gif
WHEEL,bike.gif
WHEEL,bike10.gif
WHEEL,bike11.gif
WHEEL,bike12.gif
WHEEL,bike13.gif
WHEEL,bike14.gif
WHEEL,bike15.gif
WHEEL,bike17.gif
WHEEL,bike18.gif
WHEEL,bike2.gif
WHEEL,bike3.gif
WHEEL,bike4.gif
WHEEL,bike5.gif
WHEEL,bike6.gif
WHEEL,bike7.gif
WHEEL,bike8.gif
WHEEL,bike9.gif
WHEEL,bikes16.gif
WHEEL,binlorry.gif
WHEEL,bus.gif
WHEEL,car.gif
WHEEL,car2.gif
WHEEL,combineharvester.gif
WHEEL,crane.gif
WHEEL,digger.GIF
WHEEL,digger2.gif
WHEEL,digger3.gif
WHEEL,fireengine.gif
WHEEL,fireengine2.gif
WHEEL,fireengine3.gif
WHEEL,fireengine4.gif
WHEEL,fireengine5.gif
WHEEL,fireengine6.gif
WHEEL,fireengine7.gif
WHEEL,forklift.gif
WHEEL,helicopter.gif
WHEEL,helicopter2.gif
WHEEL,helicopter3.gif
WHEEL,helicopter4.gif
WHEEL,helicopter5.gif
WHEEL,miningdrill.gif
WHEEL,plane.gif
WHEEL,plane10.gif
WHEEL,plane2.gif
WHEEL,plane3.gif
WHEEL,plane4.gif
WHEEL,plane5.gif
WHEEL,plane6.gif
WHEEL,plane7.gif
WHEEL,plane8.gif
WHEEL,plane9.gif
WHEEL,police.gif
WHEEL,police2.gif
WHEEL,police3.gif
WHEEL,tractor.gif
WHEEL,tractor2.gif
WHEEL,tractor3.gif
WHEEL,tractor4.gif
WHEEL,tractor5.gif
WHEEL,tractor6.gif
WHEEL,tractor7.gif
WHEEL,tractor8.GIF
WHEEL,tractor9.GIF
WHEEL,train.gif
WHEEL,train2.gif
WHEEL,train3.gif
WHEEL,train4.gif
ZOO,elephant.gif
ZOO,elephant10.gif
ZOO,elephant11.gif
ZOO,elephant2.gif
ZOO,elephant3.gif
ZOO,elephant4.gif
ZOO,elephant5.gif
ZOO,elephant6.gif
ZOO,elephant7.gif
ZOO,elephant8.gif
ZOO,elephant9.gif
ZOO,lion.gif
ZOO,lion2.gif
ZOO,lion3.gif
ZOO,lion4.gif
ZOO,lion5.gif
ZOO,lion6.gif
ZOO,tiger.gif
ZOO,tiger2.gif
ZOO,tiger3.gif
ZOO,tiger4.gif
ZOO,tiger5.gif
ZOO,tiger6.gif
ZOO,tiger7.gif